{
  "id": "730D8DE1-7A4F-424C-9542-FE7CC02604EB",
  "name": "SonarQubePostTest",
  "friendlyName": "ms-resource:loc.friendlyName",
  "description": "ms-resource:loc.description",
  "helpMarkDown": "ms-resource:loc.helpMarkDown",
  "category": "Build",
  "deprecated": true,
  "visibility": [
    "Build"
  ],
  "author": "Microsoft Corporation",
  "version": {
    "Major": 1,
    "Minor": 0,
    "Patch": 58
  },
  "minimumAgentVersion": "1.99.0",
  "demands": [
    "msbuild",
    "java"
  ],
  "instanceNameFormat": "ms-resource:loc.instanceNameFormat",
  "execution": {
    "PowerShell": {
      "target": "$(currentDirectory)\\SonarQubePostTest.ps1",
      "argumentFormat": "",
      "workingDirectory": "$(currentDirectory)"
    }
  }
}