{
    "id": "C7B7CCF9-D6E0-472B-97BB-06B6E43504F3",
    "name": "ChefKnife",
    "friendlyName": "Chef Knife",
    "description": "Run Scripts with knife commands on your chef workstation",
    "helpMarkDown": "[More Information](https://aka.ms/chef-knife-readme)",
    "category": "Deploy",
    "visibility": [
        "Preview",
        "Build"
    ],
    "runsOn": [
        "Agent"
    ],
    "author": "Microsoft Corporation",
    "version": {
        "Major": 1,
        "Minor": 0,
        "Patch": 15
    },
    "deprecated": true,
    "demands": [
        "Chef",
        "DotNetFramework"
    ],
    "minimumAgentVersion": "1.83.0",
    "inputs": [
        {
            "name": "ConnectedServiceName",
            "type": "connectedService:Chef",
            "label": "Chef Subscription",
            "defaultValue": "",
            "required": true,
            "helpMarkDown": "Chef subscription to configure before running knife commands"
        },
        {
            "name": "ScriptPath",
            "type": "filePath",
            "label": "Script Path",
            "defaultValue": "",
            "required": true,
            "helpMarkDown": "Path of the script. Should be fully qualified path or relative to the default working directory."
        },
        {
            "name": "ScriptArguments",
            "type": "string",
            "label": "Script Arguments",
            "defaultValue": "",
            "required": false,
            "helpMarkDown": "Additional parameters to pass to Script.  Can be either ordinal or named parameters."
        }
    ],
    "instanceNameFormat": "Chef Knife script: $(ScriptPath)",
    "execution": {
        "PowerShell": {
            "target": "$(currentDirectory)\\ChefKnife.ps1",
            "argumentFormat": "",
            "workingDirectory": "$(currentDirectory)"
        }
    }
}