<?xml version="1.0"?>
<doc>
    <assembly>
        <name>Microsoft.VisualStudio.Services.BlobStore.WebApi</name>
    </assembly>
    <members>
        <member name="M:Microsoft.VisualStudio.Services.BlobStore.WebApi.AzureFrontDoorHelpers.IsDefaultAzureFrontDoorThrottling(System.Net.Http.HttpResponseMessage)">
            <summary>
            By default, Azure Front Door throttles on DoS detection by returning a 200 with certain content headers.
            </summary>
            <remarks> To be removed after Task 959415: Change AFD to throttle with 503</remarks>
        </member>
        <member name="T:Microsoft.VisualStudio.Services.BlobStore.WebApi.BlobStore2HttpClient">
            <summary>
            A Vss Http Client for the Blob Store V2
            </summary>
        </member>
        <member name="P:Microsoft.VisualStudio.Services.BlobStore.WebApi.BlobStore2HttpClient.TranslatedExceptions">
            <summary>
            Exceptions for errors
            </summary>
        </member>
        <member name="M:Microsoft.VisualStudio.Services.BlobStore.WebApi.BlobStore2HttpClient.GetBlobAsync(Microsoft.VisualStudio.Services.BlobStore.Common.BlobIdentifier,System.Object,System.Threading.CancellationToken)">
            <summary>
            Get a file from the content service using a the supplied blob identifier.
            </summary>
            <param name="blobId">The globally unique identifier for the blob to download</param>
            <param name="userState"></param>
            <param name="cancellationToken"></param>
            <returns>A task that returns the stream of bytes requested</returns>
        </member>
        <member name="P:Microsoft.VisualStudio.Services.BlobStore.WebApi.Contracts.Blob.Id">
            <summary>
            ID of the blob. It is calculated by a specialized hashing algorithm from the blob content.
            </summary>
        </member>
        <member name="P:Microsoft.VisualStudio.Services.BlobStore.WebApi.Contracts.Blob.Url">
            <summary>
            A SAS-based URL, containing an implicit TTL (time-to-live) value for downloading the blob. 
            The caller is advised to (1) treat the URL as sensible data (2) download the blob in a timely fashion.
            </summary>
            <remarks>
            This value is only provided when Azure storagre is used at the server side. If provided, the URL
            will be only availble for a limitied period.
            </remarks>
        </member>
        <member name="P:Microsoft.VisualStudio.Services.BlobStore.WebApi.Contracts.Blob.BlockHashes">
            <summary>
            An array of block hashes for the blob. Block hashes are calculated by a specialized hashing algorithm from the blob content. 
            All the blocks except the last one must be exactly VsoHash.BlockSize; the last one must be no larger than VsoHash.BlockSize. 
            </summary>
        </member>
        <member name="T:Microsoft.VisualStudio.Services.BlobStore.WebApi.Contracts.BlobBatch">
            <summary>
            An array of blob items. Each blob item contains a blob ID.
            </summary>
        </member>
        <member name="T:Microsoft.VisualStudio.Services.BlobStore.WebApi.Contracts.ReferenceStatus">
            <summary>
            The status of a reference as the result of reference adding call.
            </summary>
        </member>
        <member name="F:Microsoft.VisualStudio.Services.BlobStore.WebApi.Contracts.ReferenceStatus.Added">
            <summary>
            The reference was added.
            </summary>
        </member>
        <member name="F:Microsoft.VisualStudio.Services.BlobStore.WebApi.Contracts.ReferenceStatus.Missing">
            <summary>
            The reference couldn't be added because the blob is missing.
            </summary>
        </member>
        <member name="T:Microsoft.VisualStudio.Services.BlobStore.WebApi.Contracts.Reference">
            <summary>
            Base Class for API Version 2 Blob References
            </summary>
        </member>
        <member name="M:Microsoft.VisualStudio.Services.BlobStore.WebApi.Contracts.Reference.#ctor(Microsoft.VisualStudio.Services.BlobStore.Common.BlobIdentifier,System.Nullable{System.Boolean})">
            <summary>
            Creates a new Reference.
            </summary>
            <param name="blobId">the identifier of the referenced blob</param>
            <param name="isMissing">If true, that status is set to Missing. Default is false.</param>
        </member>
        <member name="M:Microsoft.VisualStudio.Services.BlobStore.WebApi.Contracts.Reference.#ctor(Microsoft.VisualStudio.Services.BlobStore.WebApi.Contracts.Blob,System.Nullable{System.Boolean})">
            <summary>
            Creates a new Reference with the given status.
            </summary>
            <param name="blob">the referenced blob</param>
            <param name="isMissing">If true, the status is set to Missing.</param>
        </member>
        <member name="P:Microsoft.VisualStudio.Services.BlobStore.WebApi.Contracts.Reference.Blob">
            <summary>
            A blob item that contains the blob ID.
            </summary>
        </member>
        <member name="P:Microsoft.VisualStudio.Services.BlobStore.WebApi.Contracts.Reference.Status">
            <summary>
            The status of this reference as a result of adding call.
            </summary>
        </member>
        <member name="T:Microsoft.VisualStudio.Services.BlobStore.WebApi.Contracts.KeepUntilDateTimeConverter">
            <summary>
            This replaces the default Newtonsoft DateTime JSON converter. We use this
            to strictly enforce the date format defined in KeepUntilBlobReference.
            </summary>
        </member>
        <member name="T:Microsoft.VisualStudio.Services.BlobStore.WebApi.Contracts.KeepUntilReference">
            <summary>
            A time based reference to a blob
            </summary>
        </member>
        <member name="P:Microsoft.VisualStudio.Services.BlobStore.WebApi.Contracts.KeepUntilReference.KeepUntil">
            <summary>
            A time based reference
            </summary>
        </member>
        <member name="T:Microsoft.VisualStudio.Services.BlobStore.WebApi.Contracts.IdReference">
            <summary>
            Reference counted identifiable references to blobs that can be removed
            </summary>
        </member>
        <member name="P:Microsoft.VisualStudio.Services.BlobStore.WebApi.Contracts.IdReference.Id">
            <summary>
            A reference ID is constructed by the calling service based on the model it exposes to
            its clients as customized views of blob storage. For example, a file service may use
            file's full name as the ID.
            </summary>
        </member>
        <member name="P:Microsoft.VisualStudio.Services.BlobStore.WebApi.Contracts.IdReference.Scope">
            <summary>
            The scope of the reference, a namespace that isolates references from different experience
            services. Access to references within a namespace is subject to authorization.
            </summary>
            <remarks>
            The value is either null or an non-empty and non-whitespace string.
            </remarks>
        </member>
        <member name="T:Microsoft.VisualStudio.Services.BlobStore.WebApi.Contracts.ReferenceBatch">
            <summary>
             An array of reference items. Each reference item contains a reference ID and a blob item.
            </summary>
        </member>
        <member name="T:Microsoft.VisualStudio.Services.BlobStore.WebApi.BlobToFileMapping">
            <summary>
            Helper class to capture the mapping between a local file path and a blob id
            </summary>
        </member>
        <member name="P:Microsoft.VisualStudio.Services.BlobStore.WebApi.BlobToFileMapping.ItemPath">
            <summary>
            The path of the represented item in its associated container, if any. Mostly used for error reporting.
            </summary>
        </member>
        <member name="P:Microsoft.VisualStudio.Services.BlobStore.WebApi.BlobToFileMapping.FilePath">
            <summary>
            The path of the represented item on disk in the client system.  This is the source or the destination
            depending on the scenario (upload or download, respectively).
            </summary>
        </member>
        <member name="P:Microsoft.VisualStudio.Services.BlobStore.WebApi.BlobToFileMapping.BlobId">
            <summary>
            The globally unique descriptor of the blob associated with this item
            </summary>
        </member>
        <member name="P:Microsoft.VisualStudio.Services.BlobStore.WebApi.BlobToFileMapping.DownloadUri">
            <summary>
            URI from which the blob may be downloaded.
            </summary>
        </member>
        <member name="P:Microsoft.VisualStudio.Services.BlobStore.WebApi.BlobToFileMapping.FileLength">
            <summary>
            The length of this file.
            </summary>
        </member>
        <member name="T:Microsoft.VisualStudio.Services.BlobStore.WebApi.BlobToUriMapping">
            <summary>
            Helper class to capture the mapping of blob to a URI where it is or should be stored
            </summary>
        </member>
        <member name="P:Microsoft.VisualStudio.Services.BlobStore.WebApi.BlobToUriMapping.ContentSpec">
            <summary>
            A description of the content represented by this mapping.  Mostly used for error reporting.
            </summary>
        </member>
        <member name="P:Microsoft.VisualStudio.Services.BlobStore.WebApi.BlobToUriMapping.StreamFactory">
            <summary>
            A factory that returns a stream over the represented content
            </summary>
        </member>
        <member name="P:Microsoft.VisualStudio.Services.BlobStore.WebApi.BlobToUriMapping.UriSpec">
            <summary>
            The URI to which the content represented here should be put.
            </summary>
        </member>
        <member name="P:Microsoft.VisualStudio.Services.BlobStore.WebApi.BlobToUriMapping.BlobId">
            <summary>
            The globally unique identity of the content associated with this item
            </summary>
        </member>
        <member name="P:Microsoft.VisualStudio.Services.BlobStore.WebApi.BlobToUriMapping.BytesToCopyFromStream">
            <summary>
            Number of bytes to use from the stream. Negative one means go until EOF.
            </summary>
        </member>
        <member name="M:Microsoft.VisualStudio.Services.BlobStore.WebApi.IBlobStoreHttpClient.GetBlobAsync(Microsoft.VisualStudio.Services.BlobStore.Common.BlobIdentifier,System.Object,System.Threading.CancellationToken)">
            <summary>
            Get a file from the content service using a the supplied blob identifier.
            </summary>
            <param name="blobId">The globally unique identifier for the blob to download</param>
            <param name="userState"></param>
            <param name="cancellationToken"></param>
            <returns>A task that returns the stream of bytes requested</returns>
        </member>
        <member name="M:Microsoft.VisualStudio.Services.BlobStore.WebApi.Resources.#cctor">
            Creates the resource manager instance.
        </member>
        <member name="M:Microsoft.VisualStudio.Services.BlobStore.WebApi.Resources.Get(System.String)">
            Returns a localized string given a resource string name.
        </member>
        <member name="M:Microsoft.VisualStudio.Services.BlobStore.WebApi.Resources.GetInt(System.String)">
            Returns a localized integer given a resource string name.
        </member>
        <member name="M:Microsoft.VisualStudio.Services.BlobStore.WebApi.Resources.GetBool(System.String)">
            Returns a localized string given a resource string name.
        </member>
        <member name="M:Microsoft.VisualStudio.Services.BlobStore.WebApi.Resources.Format(System.String,System.Object[])">
            A little helper function to alleviate some typing associated with loading resources and
            formatting the strings.  In DEBUG builds, it also asserts that the number of format
            arguments and the length of args match.
        </member>
        <member name="M:Microsoft.VisualStudio.Services.BlobStore.WebApi.Resources.BlobNotFoundException(System.Object)">
            <summary>
            The blob with id &apos;{0}&apos; could not be found.
            </summary>
        </member>
        <member name="M:Microsoft.VisualStudio.Services.BlobStore.WebApi.Resources.DedupNotFoundException(System.Object)">
            <summary>
            The dedup with id &apos;{0}&apos; could not be found.
            </summary>
        </member>
        <member name="M:Microsoft.VisualStudio.Services.BlobStore.WebApi.Resources.RemainingBytesError">
            <summary>
            Content was upload but bytes remained in upload stream.
            </summary>
        </member>
        <member name="M:Microsoft.VisualStudio.Services.BlobStore.WebApi.Resources.UploadFailed">
            <summary>
            Content upload was not accepted by the server.
            </summary>
        </member>
    </members>
</doc>
